date_id,location_id,household_id,Data
50015,2000,40000,132545.0
50015,2001,40000,38639.0
50015,2002,40000,153480.0
50015,2003,40000,204130.0
50015,2004,40000,202042.0
50015,2005,40000,196500.0
50015,2006,40000,250001.0
50015,2007,40000,68646.0
50015,2008,40000,204877.0
50015,2009,40000,207181.0
50015,2010,40000,145000.0
50015,2011,40000,104234.0
50015,2012,40000,191483.0
50015,2013,40000,205769.0
50015,2014,40000,218161.0
50015,2015,40000,190417.0
50015,2016,40000,180424.0
50015,2017,40000,238064.0
50015,2018,40000,250001.0
50015,2019,40000,216875.0
50015,2020,40000,218864.0
50015,2021,40000,113859.0
50015,2022,40000,65399.0
50015,2023,40000,57456.0
50015,2024,40000,200524.0
50015,2025,40000,48020.0
50015,2026,40000,65152.0
50015,2027,40000,59748.0
50015,2028,40000,63411.0
50015,2029,40000,64422.0
50015,2030,40000,60904.0
50015,2031,40000,41685.0
50015,2032,40000,151719.0
50015,2033,40000,68094.0
50015,2034,40000,88095.0
50015,2035,40000,53777.0
50015,2036,40000,61463.0
50015,2037,40000,111228.0
50015,2038,40000,217072.0
50015,2039,40000,129701.0
50015,2040,40000,178698.0
50015,2041,40000,177072.0
50015,2042,40000,213482.0
50015,2043,40000,250001.0
50015,2044,40000,89521.0
50015,2045,40000,99420.0
50015,2046,40000,80817.0
50015,2047,40000,90167.0
50015,2048,40000,97097.0
50015,2049,40000,97884.0
50015,2050,40000,118715.0
50015,2051,40000,112661.0
50015,2052,40000,114768.0
50015,2053,40000,98788.0
50015,2054,40000,106667.0
50015,2055,40000,105450.0
50015,2056,40000,45956.0
50015,2057,40000,41150.0
50015,2058,40000,42637.0
50015,2059,40000,42260.0
50015,2060,40000,49338.0
50015,2061,40000,47544.0
50015,2062,40000,44762.0
50015,2063,40000,44649.0
50015,2064,40000,71779.0
50015,2065,40000,67672.0
50015,2066,40000,67402.0
50015,2067,40000,125915.0
50015,2068,40000,97953.0
50015,2069,40000,79009.0
50015,2070,40000,52038.0
50015,2071,40000,46462.0
50015,2072,40000,79935.0
50015,2073,40000,81667.0
50015,2074,40000,109429.0
50015,2075,40000,48573.0
50015,2076,40000,51921.0
50015,2191,40000,126994.0
50015,2193,40000,113256.0
50015,2194,40000,139313.0
50015,2201,40000,123484.0
50015,2203,40000,69375.0
50015,2204,40000,85750.0
50015,2205,40000,76609.0
50015,2206,40000,87625.0
50015,2207,40000,86176.0
50015,2208,40000,90222.0
50015,2209,40000,84849.0
50015,2210,40000,200030.0
50015,2211,40000,153573.0
50015,2212,40000,74184.0
50015,2213,40000,61938.0
50015,2214,40000,76273.0
50015,2215,40000,43341.0
50015,2216,40000,60492.0
50015,2217,40000,58472.0
50015,2218,40000,99627.0
50015,2219,40000,80736.0
50015,2220,40000,80625.0
50015,2221,40000,48587.0
50015,2222,40000,61229.0
50015,2223,40000,70241.0
50015,2224,40000,149919.0
50015,2225,40000,76490.0
50015,2226,40000,122331.0
50015,2227,40000,83956.0
50015,2228,40000,52323.0
50015,2229,40000,55656.0
50015,2230,40000,63711.0
50015,2231,40000,95679.0
50015,2232,40000,70825.0
50015,2233,40000,45255.0
50015,2234,40000,75721.0
50015,2235,40000,69486.0
50015,2236,40000,85298.0
50015,2237,40000,83701.0
50015,2238,40000,72023.0
50015,2239,40000,114776.0
50015,2240,40000,73433.0
50015,2241,40000,62063.0
50015,2242,40000,94328.0
50015,2243,40000,72566.0
50015,2244,40000,87984.0
50015,2245,40000,51954.0
50015,2246,40000,102133.0
50015,2248,40000,49046.0
50015,2249,40000,50417.0
50015,2250,40000,68000.0
50015,2251,40000,85985.0
50015,2252,40000,76767.0
50015,2253,40000,95662.0
50015,2254,40000,100285.0
50015,2255,40000,118036.0
50015,2256,40000,113571.0
50015,2257,40000,96783.0
50015,2258,40000,76273.0
50015,2259,40000,101607.0
50015,2260,40000,79414.0
50015,2261,40000,65063.0
50015,2262,40000,73498.0
50015,2263,40000,83893.0
50015,2264,40000,66051.0
50015,2265,40000,65610.0
50015,2266,40000,86692.0
50015,2267,40000,98606.0
50015,2268,40000,69458.0
50015,2269,40000,88705.0
50015,2270,40000,103559.0
50015,2271,40000,79628.0
50015,2272,40000,115350.0
50015,2273,40000,94878.0
50015,2274,40000,102446.0
50015,2275,40000,86996.0
50015,2276,40000,76979.0
50015,2277,40000,81333.0
50015,2278,40000,93378.0
50015,2279,40000,76121.0
50015,2280,40000,87696.0
50015,2281,40000,88871.0
50015,2282,40000,83675.0
50015,2283,40000,94028.0
50015,2284,40000,88560.0
50015,2285,40000,115602.0
50015,2286,40000,97409.0
50015,2287,40000,90433.0
50015,2288,40000,100052.0
50015,2289,40000,79468.0
50015,2290,40000,68725.0
50015,2291,40000,85763.0
50015,2292,40000,84334.0
50015,2293,40000,84737.0
50015,2331,40000,64441.0
50015,2332,40000,57188.0
50015,2333,40000,67741.0
50015,2334,40000,107721.0
50015,2000,40001,122776.0
50015,2001,40001,40045.0
50015,2002,40001,183787.0
50015,2003,40001,205202.0
50015,2004,40001,241094.0
50015,2005,40001,245764.0
50015,2006,40001,250001.0
50015,2007,40001,71135.0
50015,2008,40001,229709.0
50015,2009,40001,249545.0
50015,2010,40001,151028.0
50015,2011,40001,163951.0
50015,2012,40001,224625.0
50015,2013,40001,206816.0
50015,2014,40001,218875.0
50015,2015,40001,185688.0
50015,2016,40001,176972.0
50015,2017,40001,240453.0
50015,2018,40001,250001.0
50015,2019,40001,228389.0
50015,2020,40001,246034.0
50015,2021,40001,133439.0
50015,2022,40001,66157.0
50015,2023,40001,58680.0
50015,2024,40001,237537.0
50015,2025,40001,39845.0
50015,2026,40001,53586.0
50015,2027,40001,54699.0
50015,2028,40001,58919.0
50015,2029,40001,66075.0
50015,2030,40001,56284.0
50015,2031,40001,36645.0
50015,2032,40001,112342.0
50015,2033,40001,51536.0
50015,2034,40001,93156.0
50015,2035,40001,44253.0
50015,2036,40001,56530.0
50015,2037,40001,121453.0
50015,2038,40001,246005.0
50015,2039,40001,200150.0
50015,2040,40001,177237.0
50015,2041,40001,192940.0
50015,2042,40001,247627.0
50015,2043,40001,250001.0
50015,2044,40001,82267.0
50015,2045,40001,93750.0
50015,2046,40001,74187.0
50015,2047,40001,73135.0
50015,2048,40001,95406.0
50015,2049,40001,96131.0
50015,2050,40001,113839.0
50015,2051,40001,113498.0
50015,2052,40001,126350.0
50015,2053,40001,90379.0
50015,2054,40001,113327.0
50015,2055,40001,107154.0
50015,2056,40001,37332.0
50015,2057,40001,35155.0
50015,2058,40001,33920.0
50015,2059,40001,35269.0
50015,2060,40001,38096.0
50015,2061,40001,38624.0
50015,2062,40001,35536.0
50015,2063,40001,33282.0
50015,2064,40001,68066.0
50015,2065,40001,59538.0
50015,2066,40001,66470.0
50015,2067,40001,132596.0
50015,2068,40001,95996.0
50015,2069,40001,67912.0
50015,2070,40001,46530.0
50015,2071,40001,41488.0
50015,2072,40001,73973.0
50015,2073,40001,71506.0
50015,2074,40001,114241.0
50015,2075,40001,38655.0
50015,2076,40001,51096.0
50015,2191,40001,134087.0
50015,2193,40001,110406.0
50015,2194,40001,139313.0
50015,2201,40001,142316.0
50015,2203,40001,67726.0
50015,2204,40001,82636.0
50015,2205,40001,75440.0
50015,2206,40001,81250.0
50015,2207,40001,76895.0
50015,2208,40001,90013.0
50015,2209,40001,78526.0
50015,2210,40001,199823.0
50015,2211,40001,176004.0
50015,2212,40001,68184.0
50015,2213,40001,58848.0
50015,2214,40001,60319.0
50015,2215,40001,38430.0
50015,2216,40001,51643.0
50015,2217,40001,50726.0
50015,2218,40001,101737.0
50015,2219,40001,80453.0
50015,2220,40001,63639.0
50015,2221,40001,41115.0
50015,2222,40001,51262.0
50015,2223,40001,64478.0
50015,2224,40001,170511.0
50015,2225,40001,79242.0
50015,2226,40001,145365.0
50015,2227,40001,80422.0
50015,2228,40001,41839.0
50015,2229,40001,47150.0
50015,2230,40001,61331.0
50015,2231,40001,105557.0
50015,2232,40001,65254.0
50015,2233,40001,43584.0
50015,2234,40001,65968.0
50015,2235,40001,65178.0
50015,2236,40001,84054.0
50015,2237,40001,81481.0
50015,2238,40001,66240.0
50015,2239,40001,141500.0
50015,2240,40001,58913.0
50015,2241,40001,48545.0
50015,2242,40001,95976.0
50015,2243,40001,71542.0
50015,2244,40001,82853.0
50015,2245,40001,43640.0
50015,2246,40001,118291.0
50015,2248,40001,47405.0
50015,2249,40001,45619.0
50015,2250,40001,66463.0
50015,2251,40001,98213.0
50015,2252,40001,78357.0
50015,2253,40001,107188.0
50015,2254,40001,97203.0
50015,2255,40001,121625.0
50015,2256,40001,128009.0
50015,2257,40001,98424.0
50015,2258,40001,75409.0
50015,2259,40001,93913.0
50015,2260,40001,72975.0
50015,2261,40001,51779.0
50015,2262,40001,64000.0
50015,2263,40001,81712.0
50015,2264,40001,62626.0
50015,2265,40001,58918.0
50015,2266,40001,87591.0
50015,2267,40001,109994.0
50015,2268,40001,64678.0
50015,2269,40001,87242.0
50015,2270,40001,102200.0
50015,2271,40001,76414.0
50015,2272,40001,113769.0
50015,2273,40001,94103.0
50015,2274,40001,99229.0
50015,2275,40001,89181.0
50015,2276,40001,86948.0
50015,2277,40001,75471.0
50015,2278,40001,85046.0
50015,2279,40001,72047.0
50015,2280,40001,79508.0
50015,2281,40001,82528.0
50015,2282,40001,78779.0
50015,2283,40001,92304.0
50015,2284,40001,82156.0
50015,2285,40001,115136.0
50015,2286,40001,96292.0
50015,2287,40001,88320.0
50015,2288,40001,97941.0
50015,2289,40001,67198.0
50015,2290,40001,65591.0
50015,2291,40001,81641.0
50015,2292,40001,70354.0
50015,2293,40001,79740.0
50015,2331,40001,61360.0
50015,2332,40001,50516.0
50015,2333,40001,66250.0
50015,2334,40001,111046.0
50015,2000,40002,106452.0
50015,2001,40002,42054.0
50015,2002,40002,250001.0
50015,2003,40002,244000.0
50015,2004,40002,250001.0
50015,2005,40002,250001.0
50015,2006,40002,250001.0
50015,2007,40002,76618.0
50015,2008,40002,250001.0
50015,2009,40002,250001.0
50015,2010,40002,166534.0
50015,2011,40002,250001.0
50015,2012,40002,250001.0
50015,2013,40002,230733.0
50015,2014,40002,250001.0
50015,2016,40002,167896.0
50015,2017,40002,250001.0
50015,2018,40002,250001.0
50015,2019,40002,249033.0
50015,2020,40002,250001.0
50015,2021,40002,215882.0
50015,2022,40002,69625.0
50015,2023,40002,59837.0
50015,2024,40002,250001.0
50015,2025,40002,32484.0
50015,2026,40002,41500.0
50015,2027,40002,50643.0
50015,2028,40002,44799.0
50015,2029,40002,74659.0
50015,2030,40002,51677.0
50015,2031,40002,28300.0
50015,2032,40002,84337.0
50015,2033,40002,33839.0
50015,2034,40002,146473.0
50015,2035,40002,38400.0
50015,2036,40002,50405.0
50015,2037,40002,165431.0
50015,2038,40002,250001.0
50015,2039,40002,250001.0
50015,2040,40002,175724.0
50015,2041,40002,235861.0
50015,2042,40002,250001.0
50015,2043,40002,250001.0
50015,2044,40002,60223.0
50015,2045,40002,77853.0
50015,2046,40002,67266.0
50015,2047,40002,58781.0
50015,2048,40002,91282.0
50015,2049,40002,89390.0
50015,2050,40002,108073.0
50015,2051,40002,116021.0
50015,2052,40002,132473.0
50015,2053,40002,77165.0
50015,2054,40002,119989.0
50015,2055,40002,109945.0
50015,2056,40002,28590.0
50015,2057,40002,30744.0
50015,2058,40002,26502.0
50015,2059,40002,31099.0
50015,2060,40002,26999.0
50015,2061,40002,31754.0
50015,2062,40002,31228.0
50015,2063,40002,25665.0
50015,2064,40002,60313.0
50015,2065,40002,52707.0
50015,2066,40002,64616.0
50015,2067,40002,148594.0
50015,2068,40002,92754.0
50015,2069,40002,54786.0
50015,2070,40002,40961.0
50015,2071,40002,37437.0
50015,2072,40002,65407.0
50015,2073,40002,66393.0
50015,2074,40002,127000.0
50015,2075,40002,33327.0
50015,2076,40002,47887.0
50015,2191,40002,142500.0
50015,2193,40002,104965.0
50015,2201,40002,172879.0
50015,2203,40002,57303.0
50015,2204,40002,71175.0
50015,2205,40002,70625.0
50015,2206,40002,65463.0
50015,2207,40002,62898.0
50015,2208,40002,89266.0
50015,2209,40002,60128.0
50015,2210,40002,199796.0
50015,2211,40002,212770.0
50015,2212,40002,52683.0
50015,2213,40002,55430.0
50015,2214,40002,52478.0
50015,2215,40002,31411.0
50015,2216,40002,41909.0
50015,2217,40002,42306.0
50015,2218,40002,105378.0
50015,2219,40002,77935.0
50015,2220,40002,51088.0
50015,2221,40002,31196.0
50015,2222,40002,45618.0
50015,2223,40002,59230.0
50015,2224,40002,198075.0
50015,2225,40002,90183.0
50015,2226,40002,174612.0
50015,2227,40002,76073.0
50015,2228,40002,37642.0
50015,2229,40002,39276.0
50015,2230,40002,57606.0
50015,2231,40002,125326.0
50015,2232,40002,56319.0
50015,2233,40002,40706.0
50015,2234,40002,49952.0
50015,2235,40002,56446.0
50015,2236,40002,83297.0
50015,2237,40002,77106.0
50015,2238,40002,61640.0
50015,2239,40002,157463.0
50015,2240,40002,46942.0
50015,2241,40002,39279.0
50015,2242,40002,98967.0
50015,2243,40002,70663.0
50015,2244,40002,74329.0
50015,2245,40002,33151.0
50015,2246,40002,156853.0
50015,2248,40002,45768.0
50015,2249,40002,40483.0
50015,2250,40002,65347.0
50015,2251,40002,109881.0
50015,2252,40002,86042.0
50015,2253,40002,116944.0
50015,2254,40002,96057.0
50015,2255,40002,141975.0
50015,2256,40002,138750.0
50015,2257,40002,102846.0
50015,2258,40002,73354.0
50015,2259,40002,67014.0
50015,2260,40002,67392.0
50015,2261,40002,42746.0
50015,2262,40002,50651.0
50015,2263,40002,65069.0
50015,2264,40002,53508.0
50015,2265,40002,50813.0
50015,2266,40002,94310.0
50015,2267,40002,131646.0
50015,2268,40002,56743.0
50015,2269,40002,86062.0
50015,2270,40002,100813.0
50015,2271,40002,71612.0
50015,2272,40002,111648.0
50015,2273,40002,91181.0
50015,2274,40002,92703.0
50015,2275,40002,91742.0
50015,2276,40002,109130.0
50015,2277,40002,60061.0
50015,2278,40002,70104.0
50015,2279,40002,65565.0
50015,2280,40002,67548.0
50015,2281,40002,70540.0
50015,2282,40002,72021.0
50015,2283,40002,89972.0
50015,2284,40002,74429.0
50015,2285,40002,114034.0
50015,2286,40002,94575.0
50015,2287,40002,79250.0
50015,2288,40002,88531.0
50015,2289,40002,55290.0
50015,2290,40002,61544.0
50015,2291,40002,76721.0
50015,2292,40002,55066.0
50015,2293,40002,63969.0
50015,2331,40002,60325.0
50015,2332,40002,42614.0
50015,2333,40002,62188.0
50015,2334,40002,120943.0
50015,2000,40003,92840.0
50015,2001,40003,36982.0
50015,2002,40003,118161.0
50015,2003,40003,190223.0
50015,2004,40003,189702.0
50015,2005,40003,179044.0
50015,2006,40003,224063.0
50015,2007,40003,63717.0
50015,2008,40003,132988.0
50015,2009,40003,138272.0
50015,2010,40003,106467.0
50015,2011,40003,113191.0
50015,2012,40003,133501.0
50015,2013,40003,126628.0
50015,2014,40003,131045.0
50015,2015,40003,122484.0
50015,2016,40003,103792.0
50015,2017,40003,122169.0
50015,2018,40003,150718.0
50015,2019,40003,132605.0
50015,2020,40003,143623.0
50015,2021,40003,91624.0
50015,2022,40003,59691.0
50015,2023,40003,51938.0
50015,2024,40003,122969.0
50015,2025,40003,33720.0
50015,2026,40003,42348.0
50015,2027,40003,53660.0
50015,2028,40003,53525.0
50015,2029,40003,63093.0
50015,2030,40003,54406.0
50015,2031,40003,29799.0
50015,2032,40003,95301.0
50015,2033,40003,46263.0
50015,2034,40003,95702.0
50015,2035,40003,42278.0
50015,2036,40003,49677.0
50015,2037,40003,104808.0
50015,2038,40003,148441.0
50015,2039,40003,132500.0
50015,2040,40003,138640.0
50015,2041,40003,121829.0
50015,2042,40003,182760.0
50015,2043,40003,250001.0
50015,2044,40003,62052.0
50015,2045,40003,66096.0
50015,2046,40003,67215.0
50015,2047,40003,54199.0
50015,2048,40003,79742.0
50015,2049,40003,80834.0
50015,2050,40003,85103.0
50015,2051,40003,103027.0
50015,2052,40003,109457.0
50015,2053,40003,76075.0
50015,2054,40003,97407.0
50015,2055,40003,91505.0
50015,2056,40003,30349.0
50015,2057,40003,29579.0
50015,2058,40003,28585.0
50015,2059,40003,27917.0
50015,2060,40003,29767.0
50015,2061,40003,35423.0
50015,2062,40003,29284.0
50015,2063,40003,27545.0
50015,2064,40003,58305.0
50015,2065,40003,54278.0
50015,2066,40003,58408.0
50015,2067,40003,96366.0
50015,2068,40003,75617.0
50015,2069,40003,58393.0
50015,2070,40003,39372.0
50015,2071,40003,37804.0
50015,2072,40003,65399.0
50015,2073,40003,61266.0
50015,2074,40003,88722.0
50015,2075,40003,33498.0
50015,2076,40003,41508.0
50015,2191,40003,113300.0
50015,2193,40003,95436.0
50015,2194,40003,55313.0
50015,2201,40003,129344.0
50015,2203,40003,60675.0
50015,2204,40003,75581.0
50015,2205,40003,71382.0
50015,2206,40003,76234.0
50015,2207,40003,67751.0
50015,2208,40003,79883.0
50015,2209,40003,68530.0
50015,2210,40003,160625.0
50015,2211,40003,129248.0
50015,2212,40003,54457.0
50015,2213,40003,53093.0
50015,2214,40003,58872.0
50015,2215,40003,39753.0
50015,2216,40003,39382.0
50015,2217,40003,42403.0
50015,2218,40003,77917.0
50015,2219,40003,69385.0
50015,2220,40003,81228.0
50015,2221,40003,26521.0
50015,2222,40003,44831.0
50015,2223,40003,56911.0
50015,2224,40003,132091.0
50015,2225,40003,67795.0
50015,2226,40003,119375.0
50015,2227,40003,73470.0
50015,2228,40003,40683.0
50015,2229,40003,50191.0
50015,2230,40003,56900.0
50015,2231,40003,93488.0
50015,2232,40003,54023.0
50015,2233,40003,32549.0
50015,2234,40003,59820.0
50015,2235,40003,58257.0
50015,2236,40003,72902.0
50015,2237,40003,64631.0
50015,2238,40003,53070.0
50015,2239,40003,99643.0
50015,2240,40003,61200.0
50015,2241,40003,44905.0
50015,2242,40003,85807.0
50015,2243,40003,54646.0
50015,2244,40003,70793.0
50015,2245,40003,53303.0
50015,2246,40003,91846.0
50015,2248,40003,40786.0
50015,2249,40003,42507.0
50015,2250,40003,61859.0
50015,2251,40003,85818.0
50015,2252,40003,68848.0
50015,2253,40003,83063.0
50015,2254,40003,87892.0
50015,2255,40003,93333.0
50015,2256,40003,101019.0
50015,2257,40003,82028.0
50015,2258,40003,67642.0
50015,2259,40003,84301.0
50015,2260,40003,63546.0
50015,2261,40003,54211.0
50015,2262,40003,54184.0
50015,2263,40003,63706.0
50015,2264,40003,60659.0
50015,2265,40003,54584.0
50015,2266,40003,66795.0
50015,2267,40003,84713.0
50015,2268,40003,58948.0
50015,2269,40003,77710.0
50015,2270,40003,83883.0
50015,2271,40003,75340.0
50015,2272,40003,98207.0
50015,2273,40003,81608.0
50015,2274,40003,93432.0
50015,2275,40003,75471.0
50015,2276,40003,70900.0
50015,2277,40003,73370.0
50015,2278,40003,76868.0
50015,2279,40003,68920.0
50015,2280,40003,75835.0
50015,2281,40003,79273.0
50015,2282,40003,73107.0
50015,2283,40003,88130.0
50015,2284,40003,71194.0
50015,2285,40003,98987.0
50015,2286,40003,79385.0
50015,2287,40003,78368.0
50015,2288,40003,88300.0
50015,2289,40003,62148.0
50015,2290,40003,54253.0
50015,2291,40003,64087.0
50015,2292,40003,66137.0
50015,2293,40003,75222.0
50015,2331,40003,50267.0
50015,2332,40003,46819.0
50015,2333,40003,60569.0
50015,2334,40003,84485.0
50027,2000,40000,122776.87400000001
50027,2001,40000,40995.53542
50027,2002,40000,157088.4654
50027,2003,40000,204718.0571
50027,2004,40000,174989.0143
50027,2005,40000,194162.2107
50027,2006,40000,254530.4935
50027,2007,40000,59984.452410000005
50027,2008,40000,186606.7577
50027,2009,40000,204515.4516
50027,2010,40000,151484.7445
50027,2011,40000,101943.1274
50027,2012,40000,179301.7618
50027,2013,40000,204736.3832
50027,2014,40000,199528.7101
50027,2015,40000,168953.6114
50027,2016,40000,166737.1687
50027,2017,40000,236510.8248
50027,2018,40000,251559.6255
50027,2019,40000,199700.772
50027,2020,40000,194191.7361
50027,2021,40000,116154.01699999999
50027,2022,40000,62816.85641
50027,2023,40000,52248.79259
50027,2024,40000,200460.288
50027,2025,40000,45432.493239999996
50027,2026,40000,60206.40211
50027,2027,40000,54318.62628
50027,2028,40000,60349.95673
50027,2029,40000,60247.126829999994
50027,2030,40000,61799.756629999996
50027,2031,40000,40056.83072
50027,2032,40000,172137.2661
50027,2033,40000,59058.98323
50027,2034,40000,82669.13737000001
50027,2035,40000,54195.43402000001
50027,2036,40000,58089.73499
50027,2037,40000,110456.6293
50027,2038,40000,218810.8451
50027,2039,40000,151365.6247
50027,2040,40000,197642.1376
50027,2041,40000,182172.8542
50027,2042,40000,198193.9575
50027,2043,40000,254530.4935
50027,2044,40000,86559.36587000001
50027,2045,40000,95627.74202
50027,2046,40000,69543.56138
50027,2047,40000,85005.71796000001
50027,2048,40000,95255.11087
50027,2049,40000,96562.37426
50027,2050,40000,108175.02699999999
50027,2051,40000,105694.8918
50027,2052,40000,108574.1293
50027,2053,40000,96344.49703
50027,2054,40000,105968.7655
50027,2055,40000,100661.3169
50027,2056,40000,43124.41996
50027,2057,40000,36915.936989999995
50027,2058,40000,40502.76636
50027,2059,40000,41534.11979
50027,2060,40000,44866.419689999995
50027,2061,40000,46482.1728
50027,2062,40000,38867.669010000005
50027,2063,40000,37607.23905
50027,2064,40000,71696.88075
50027,2065,40000,63408.38291
50027,2066,40000,71246.87263
50027,2067,40000,133813.272
50027,2068,40000,95344.70525
50027,2069,40000,72790.33937
50027,2070,40000,48872.71363
50027,2071,40000,47913.64657
50027,2072,40000,81985.98026
50027,2073,40000,71841.45349
50027,2074,40000,111693.6425
50027,2075,40000,41622.69605
50027,2076,40000,53200.73283
50027,2191,40000,128453.8994
50027,2193,40000,114604.4416
50027,2194,40000,105077.9124
50027,2201,40000,122961.1533
50027,2203,40000,69321.61168
50027,2204,40000,76252.95836
50027,2205,40000,66468.84532000001
50027,2206,40000,82989.84451
50027,2207,40000,78663.86155
50027,2208,40000,86343.52488
50027,2209,40000,77227.29719
50027,2210,40000,181564.0197
50027,2211,40000,156828.8453
50027,2212,40000,71778.33017999999
50027,2213,40000,61951.45619
50027,2214,40000,70135.08789
50027,2215,40000,41100.40157
50027,2216,40000,55261.40346
50027,2217,40000,58696.533260000004
50027,2218,40000,95618.57896
50027,2219,40000,79326.6563
50027,2220,40000,73867.50811
50027,2221,40000,48795.33667
50027,2222,40000,55751.11817
50027,2223,40000,68305.53002
50027,2224,40000,130941.1614
50027,2225,40000,71800.72877
50027,2226,40000,116421.78199999999
50027,2227,40000,79564.89589
50027,2228,40000,50789.829639999996
50027,2229,40000,54623.04354
50027,2230,40000,59489.647110000005
50027,2231,40000,89683.96971
50027,2232,40000,67281.30341000001
50027,2233,40000,46946.43456
50027,2234,40000,71832.29043
50027,2235,40000,65603.44511
50027,2236,40000,85559.57409
50027,2237,40000,79432.54056000001
50027,2238,40000,69451.93077
50027,2239,40000,126592.7799
50027,2240,40000,58439.96755
50027,2241,40000,58886.921310000005
50027,2242,40000,91066.57382
50027,2243,40000,68958.14358999999
50027,2244,40000,86545.11222000001
50027,2245,40000,50715.50703
50027,2246,40000,93864.36182
50027,2248,40000,52357.731210000005
50027,2249,40000,47052.31882
50027,2250,40000,72488.97647000001
50027,2251,40000,85385.47593
50027,2252,40000,75306.10871
50027,2253,40000,99147.37561
50027,2254,40000,99516.95241
50027,2255,40000,109712.3851
50027,2256,40000,123765.4665
50027,2257,40000,92229.26447000001
50027,2258,40000,76770.16225
50027,2259,40000,95258.16522000001
50027,2260,40000,71787.49324
50027,2261,40000,58548.90617
50027,2262,40000,73347.24986
50027,2263,40000,84521.09383
50027,2264,40000,66130.83017999999
50027,2265,40000,63782.032179999995
50027,2266,40000,83344.14954
50027,2267,40000,97087.72309
50027,2268,40000,67020.66522000001
50027,2269,40000,88978.41401000001
50027,2270,40000,104119.8634
50027,2271,40000,77672.21471
50027,2272,40000,102076.5008
50027,2273,40000,90807.97188
50027,2274,40000,97238.40454
50027,2275,40000,86093.06787
50027,2276,40000,77348.45322000001
50027,2277,40000,82200.80314
50027,2278,40000,85014.88102
50027,2279,40000,74577.13629
50027,2280,40000,83265.75446
50027,2281,40000,80129.95133
50027,2282,40000,83358.40319
50027,2283,40000,98525.30557000001
50027,2284,40000,92369.76474
50027,2285,40000,104391.7009
50027,2286,40000,92166.14116
50027,2287,40000,87535.74094
50027,2288,40000,97371.77799
50027,2289,40000,73173.1517
50027,2290,40000,64955.92212
50027,2291,40000,84499.71336000001
50027,2292,40000,81791.51974
50027,2293,40000,84457.97052
50027,2331,40000,63145.70849
50027,2332,40000,50834.62683
50027,2333,40000,71796.6563
50027,2334,40000,109420.1852
50027,2000,40001,115436.2439
50027,2001,40001,41220.53948
50027,2002,40001,184413.7317
50027,2003,40001,205416.4859
50027,2004,40001,239970.3894
50027,2005,40001,204498.1436
50027,2006,40001,254530.4935
50027,2007,40001,63982.60141
50027,2008,40001,217686.8429
50027,2009,40001,219319.90399999998
50027,2010,40001,161605.8545
50027,2011,40001,138612.6798
50027,2012,40001,205101.8875
50027,2013,40001,203678.5587
50027,2014,40001,204730.2745
50027,2015,40001,146112.1363
50027,2016,40001,165613.1666
50027,2017,40001,237555.4137
50027,2018,40001,254530.4935
50027,2019,40001,223646.9051
50027,2020,40001,225792.0795
50027,2021,40001,135123.5898
50027,2022,40001,61609.368579999995
50027,2023,40001,55062.87047
50027,2024,40001,240594.4957
50027,2025,40001,39993.70741
50027,2026,40001,50493.55733
50027,2027,40001,51740.75176
50027,2028,40001,55389.68632000001
50027,2029,40001,60998.497839999996
50027,2030,40001,56673.53299
50027,2031,40001,37458.59383
50027,2032,40001,154687.7434
50027,2033,40001,46967.815039999994
50027,2034,40001,88841.98621
50027,2035,40001,45014.046780000004
50027,2036,40001,53827.89346
50027,2037,40001,127901.0614
50027,2038,40001,232469.9148
50027,2039,40001,183060.6531
50027,2040,40001,179908.56
50027,2041,40001,201396.9565
50027,2042,40001,216125.05
50027,2043,40001,254530.4935
50027,2044,40001,75760.18929
50027,2045,40001,87335.17171000001
50027,2046,40001,68580.42185
50027,2047,40001,74925.33261
50027,2048,40001,90653.21796000001
50027,2049,40001,95596.18037
50027,2050,40001,100688.8061
50027,2051,40001,106390.2664
50027,2052,40001,116149.9446
50027,2053,40001,85292.8272
50027,2054,40001,109828.4505
50027,2055,40001,103339.9851
50027,2056,40001,35607.65549
50027,2057,40001,32204.08734
50027,2058,40001,32461.671169999998
50027,2059,40001,33476.73472
50027,2060,40001,33902.308
50027,2061,40001,37517.64467
50027,2062,40001,34703.56679
50027,2063,40001,31209.38615
50027,2064,40001,66569.63898999999
50027,2065,40001,58552.97864
50027,2066,40001,69008.03137000001
50027,2067,40001,134052.5297
50027,2068,40001,95465.86128
50027,2069,40001,62785.29475
50027,2070,40001,42481.98756
50027,2071,40001,41317.26068
50027,2072,40001,75316.28989
50027,2073,40001,68800.33532
50027,2074,40001,112619.1117
50027,2075,40001,36587.084910000005
50027,2076,40001,51395.609789999995
50027,2191,40001,131241.5062
50027,2193,40001,108769.6079
50027,2194,40001,105077.9124
50027,2201,40001,138969.0211
50027,2203,40001,66417.93943
50027,2204,40001,70087.23634
50027,2205,40001,61922.94889
50027,2206,40001,77448.22877
50027,2207,40001,70897.65819
50027,2208,40001,85772.36074
50027,2209,40001,68517.29854
50027,2210,40001,197652.3188
50027,2211,40001,172040.5449
50027,2212,40001,65077.07815
50027,2213,40001,57185.6463
50027,2214,40001,60388.64521
50027,2215,40001,35584.23878
50027,2216,40001,47884.12115
50027,2217,40001,49365.48269
50027,2218,40001,99108.68712999999
50027,2219,40001,76512.57842
50027,2220,40001,61131.87127999999
50027,2221,40001,40916.12223
50027,2222,40001,47907.537860000004
50027,2223,40001,62918.6682
50027,2224,40001,159394.5024
50027,2225,40001,70520.95457
50027,2226,40001,130203.026
50027,2227,40001,75879.30909
50027,2228,40001,41085.1298
50027,2229,40001,45205.45295
50027,2230,40001,55880.41915
50027,2231,40001,94768.45051
50027,2232,40001,61657.220120000005
50027,2233,40001,44202.606810000005
50027,2234,40001,63530.55706
50027,2235,40001,59444.84992000001
50027,2236,40001,81807.80962999999
50027,2237,40001,77320.96402999999
50027,2238,40001,63579.42672
50027,2239,40001,142390.9154
50027,2240,40001,53719.97296
50027,2241,40001,46871.09383
50027,2242,40001,92510.26501
50027,2243,40001,69686.09789
50027,2244,40001,80737.76771
50027,2245,40001,41160.470519999995
50027,2246,40001,107152.8367
50027,2248,40001,50389.7093
50027,2249,40001,43532.68524
50027,2250,40001,65663.51406
50027,2251,40001,95562.58248
50027,2252,40001,77128.53975
50027,2253,40001,108074.2334
50027,2254,40001,97298.4735
50027,2255,40001,107599.7904
50027,2256,40001,128188.1706
50027,2257,40001,93982.46349
50027,2258,40001,76383.27745
50027,2259,40001,91657.08221000001
50027,2260,40001,65605.48134
50027,2261,40001,49119.09816
50027,2262,40001,62996.04516
50027,2263,40001,81307.91374
50027,2264,40001,60153.45997999999
50027,2265,40001,55867.18361
50027,2266,40001,84111.81044
50027,2267,40001,105591.0438
50027,2268,40001,61972.836670000004
50027,2269,40001,86179.6079
50027,2270,40001,101290.5138
50027,2271,40001,74957.91239
50027,2272,40001,108154.6647
50027,2273,40001,90794.73634
50027,2274,40001,93889.81476000001
50027,2275,40001,87971.4954
50027,2276,40001,79040.56517
50027,2277,40001,71983.98999
50027,2278,40001,80051.55625
50027,2279,40001,67374.97025
50027,2280,40001,74317.51622
50027,2281,40001,74196.36018999999
50027,2282,40001,78429.69442999999
50027,2283,40001,97122.3391
50027,2284,40001,84225.83963999999
50027,2285,40001,103512.0471
50027,2286,40001,92956.20065
50027,2287,40001,82297.52434
50027,2288,40001,92957.21877
50027,2289,40001,60999.51595
50027,2290,40001,62504.29421
50027,2291,40001,78547.79611
50027,2292,40001,67911.51839
50027,2293,40001,79201.4278
50027,2331,40001,59469.28475
50027,2332,40001,48391.143860000004
50027,2333,40001,69770.60167999999
50027,2334,40001,112470.4665
50027,2000,40002,106388.2301
50027,2001,40002,41537.17415
50027,2002,40002,254530.4935
50027,2003,40002,254530.4935
50027,2004,40002,254530.4935
50027,2005,40002,230166.9321
50027,2006,40002,254530.4935
50027,2007,40002,72373.92915
50027,2008,40002,254530.4935
50027,2009,40002,254530.4935
50027,2010,40002,207378.3991
50027,2011,40002,228245.7436
50027,2012,40002,254530.4935
50027,2013,40002,197543.3802
50027,2014,40002,254530.4935
50027,2015,40002,101811.7902
50027,2016,40002,160060.3515
50027,2017,40002,250653.5005
50027,2018,40002,254530.4935
50027,2019,40002,254530.4935
50027,2020,40002,254530.4935
50027,2021,40002,191764.543
50027,2022,40002,60245.09059
50027,2023,40002,59737.04976
50027,2024,40002,254530.4935
50027,2025,40002,32405.674689999996
50027,2026,40002,41498.48567
50027,2027,40002,42245.784210000005
50027,2028,40002,42053.359919999995
50027,2029,40002,64409.19281
50027,2030,40002,52698.8007
50027,2031,40002,33308.74527
50027,2032,40002,101840.2975
50027,2033,40002,33738.391019999995
50027,2034,40002,144318.2125
50027,2035,40002,40616.79557
50027,2036,40002,47160.23932
50027,2037,40002,181224.9865
50027,2038,40002,241025.1595
50027,2039,40002,254530.4935
50027,2040,40002,171854.2293
50027,2041,40002,235926.4251
50027,2042,40002,247584.8932
50027,2043,40002,254530.4935
50027,2044,40002,54460.14467
50027,2045,40002,71095.17307
50027,2046,40002,68017.40265
50027,2047,40002,65110.67604
50027,2048,40002,89283.84938
50027,2049,40002,91164.31314
50027,2050,40002,98683.11385
50027,2051,40002,106953.2856
50027,2052,40002,124294.8878
50027,2053,40002,74127.12818
50027,2054,40002,116491.0141
50027,2055,40002,105643.9859
50027,2056,40002,29011.269610000003
50027,2057,40002,29980.51785
50027,2058,40002,25550.686859999998
50027,2059,40002,27930.028389999996
50027,2060,40002,25379.64305
50027,2061,40002,29874.633589999998
50027,2062,40002,31823.31125
50027,2063,40002,24832.91374
50027,2064,40002,57732.37561
50027,2065,40002,53799.38615
50027,2066,40002,65051.6252
50027,2067,40002,134597.2228
50027,2068,40002,95817.11195
50027,2069,40002,50106.67253
50027,2070,40002,37489.13737
50027,2071,40002,34689.31314
50027,2072,40002,66356.85235
50027,2073,40002,58507.163329999996
50027,2074,40002,117204.7147
50027,2075,40002,32023.88048
50027,2076,40002,48463.43023
50027,2191,40002,134508.6466
50027,2193,40002,102230.2366
50027,2201,40002,162605.6463
50027,2203,40002,56940.279879999995
50027,2204,40002,61396.58194
50027,2205,40002,52981.83748
50027,2206,40002,59871.441320000005
50027,2207,40002,55996.48459
50027,2208,40002,84932.41347
50027,2209,40002,57285.42185
50027,2210,40002,198188.867
50027,2211,40002,199805.6382
50027,2212,40002,51630.79502
50027,2213,40002,52187.705519999996
50027,2214,40002,51460.76933
50027,2215,40002,29850.198760000003
50027,2216,40002,40239.07382
50027,2217,40002,41099.38345
50027,2218,40002,106092.9759
50027,2219,40002,73422.59058999999
50027,2220,40002,48415.578689999995
50027,2221,40002,31052.596
50027,2222,40002,42085.9397
50027,2223,40002,59603.67631
50027,2224,40002,184109.3145
50027,2225,40002,69123.07869
50027,2226,40002,148342.8326
50027,2227,40002,72643.73039
50027,2228,40002,36825.3245
50027,2229,40002,36899.647110000005
50027,2230,40002,51595.1609
50027,2231,40002,102236.3453
50027,2232,40002,51187.913739999996
50027,2233,40002,40947.683880000004
50027,2234,40002,48582.55003
50027,2235,40002,51854.780960000004
50027,2236,40002,79090.45295
50027,2237,40002,72862.62574
50027,2238,40002,58977.5338
50027,2239,40002,157999.6809
50027,2240,40002,46659.32531
50027,2241,40002,36872.15792
50027,2242,40002,94460.97891
50027,2243,40002,71681.60897999999
50027,2244,40002,71845.52596
50027,2245,40002,33123.447810000005
50027,2246,40002,126421.7361
50027,2248,40002,47124.605189999995
50027,2249,40002,39230.11898
50027,2250,40002,60952.68253
50027,2251,40002,113703.4072
50027,2252,40002,85085.13115
50027,2253,40002,127264.7377
50027,2254,40002,95297.87182
50027,2255,40002,101527.7353
50027,2256,40002,130605.1825
50027,2257,40002,95851.72796
50027,2258,40002,75319.34423999999
50027,2259,40002,71489.18469
50027,2260,40002,62024.76067999999
50027,2261,40002,42701.90103
50027,2262,40002,49124.18875
50027,2263,40002,60967.9543
50027,2264,40002,52108.29232
50027,2265,40002,46286.69416
50027,2266,40002,85550.41102999999
50027,2267,40002,129651.2061
50027,2268,40002,55469.09951
50027,2269,40002,80351.90103
50027,2270,40002,98841.94024
50027,2271,40002,71365.99243
50027,2272,40002,114971.9822
50027,2273,40002,90729.5768
50027,2274,40002,92155.95998
50027,2275,40002,89018.12061
50027,2276,40002,85490.34208
50027,2277,40002,58505.1271
50027,2278,40002,73426.66306
50027,2279,40002,61203.13952999999
50027,2280,40002,61825.209570000006
50027,2281,40002,63597.75284
50027,2282,40002,71640.88426
50027,2283,40002,94703.29097
50027,2284,40002,76848.55733
50027,2285,40002,102269.9432
50027,2286,40002,94110.74635
50027,2287,40002,75790.73283
50027,2288,40002,80540.25284
50027,2289,40002,52997.10925
50027,2290,40002,58910.33802
50027,2291,40002,74181.08842999999
50027,2292,40002,50627.94889
50027,2293,40002,69034.50243
50027,2331,40002,56863.92104
50027,2332,40002,41260.246080000004
50027,2333,40002,60133.09762000001
50027,2334,40002,120489.1631
50027,2000,40003,90129.90535
50027,2001,40003,36508.68983
50027,2002,40003,114162.5784
50027,2003,40003,160501.1966
50027,2004,40003,176473.4302
50027,2005,40003,179443.2802
50027,2006,40003,251284.7336
50027,2007,40003,62663.120610000005
50027,2008,40003,120059.5173
50027,2009,40003,130943.1977
50027,2010,40003,111012.5216
50027,2011,40003,107352.3878
50027,2012,40003,128894.7445
50027,2013,40003,119123.867
50027,2014,40003,129816.1412
50027,2015,40003,110887.2931
50027,2016,40003,100623.6466
50027,2017,40003,120432.1485
50027,2018,40003,137815.4935
50027,2019,40003,132815.5165
50027,2020,40003,134053.5479
50027,2021,40003,87486.87127999999
50027,2022,40003,59950.85452000001
50027,2023,40003,46948.4708
50027,2024,40003,127407.2742
50027,2025,40003,34632.298539999996
50027,2026,40003,37906.56571
50027,2027,40003,50794.92023
50027,2028,40003,51303.97918
50027,2029,40003,59675.96268
50027,2030,40003,55707.3391
50027,2031,40003,30626.0046
50027,2032,40003,93601.6874
50027,2033,40003,45857.0484
50027,2034,40003,87617.19037000001
50027,2035,40003,40371.42915
50027,2036,40003,47991.02353
50027,2037,40003,102260.7802
50027,2038,40003,129682.7677
50027,2039,40003,112629.2929
50027,2040,40003,139630.7977
50027,2041,40003,116075.62199999999
50027,2042,40003,172921.2169
50027,2043,40003,254530.4935
50027,2044,40003,56813.015139999996
50027,2045,40003,65264.41184
50027,2046,40003,63691.419689999995
50027,2047,40003,53144.736339999996
50027,2048,40003,77874.82017
50027,2049,40003,81010.62331
50027,2050,40003,82358.61141
50027,2051,40003,95665.41239
50027,2052,40003,105044.3145
50027,2053,40003,73399.17388
50027,2054,40003,96786.36018999999
50027,2055,40003,88313.58302
50027,2056,40003,29444.987830000002
50027,2057,40003,28789.3199
50027,2058,40003,27286.57788
50027,2059,40003,27597.103839999996
50027,2060,40003,27916.79286
50027,2061,40003,34546.77664
50027,2062,40003,28188.630339999996
50027,2063,40003,27352.75554
50027,2064,40003,57637.69064
50027,2065,40003,53358.5411
50027,2066,40003,59611.82125
50027,2067,40003,95056.57788
50027,2068,40003,76151.14657000001
50027,2069,40003,52409.65522
50027,2070,40003,37685.63413
50027,2071,40003,36699.077880000004
50027,2072,40003,64805.24067000001
50027,2073,40003,58195.61925
50027,2074,40003,87259.83099
50027,2075,40003,31538.23824
50027,2076,40003,42392.393189999995
50027,2191,40003,110402.66900000001
50027,2193,40003,94335.75041000001
50027,2194,40003,64134.300970000004
50027,2201,40003,126631.4684
50027,2203,40003,57948.2166
50027,2204,40003,66576.76582
50027,2205,40003,65227.7596
50027,2206,40003,72731.28852999999
50027,2207,40003,62379.06571
50027,2208,40003,75298.98187999999
50027,2209,40003,64857.164679999994
50027,2210,40003,151282.139
50027,2211,40003,127260.6652
50027,2212,40003,52206.03164
50027,2213,40003,50686.99973
50027,2214,40003,57735.42996
50027,2215,40003,37063.56409
50027,2216,40003,37917.76501
50027,2217,40003,41470.99648
50027,2218,40003,73624.17792999999
50027,2219,40003,67093.96971
50027,2220,40003,72515.44754
50027,2221,40003,26714.39562
50027,2222,40003,42465.69767
50027,2223,40003,55020.109520000005
50027,2224,40003,125822.0646
50027,2225,40003,62228.38426
50027,2226,40003,109307.1741
50027,2227,40003,70672.65414
50027,2228,40003,40006.94294
50027,2229,40003,47931.972689999995
50027,2230,40003,51061.66712
50027,2231,40003,86653.03272
50027,2232,40003,51015.85181
50027,2233,40003,33731.2642
50027,2234,40003,56874.10222000001
50027,2235,40003,52995.07301
50027,2236,40003,69141.40481
50027,2237,40003,61975.89102
50027,2238,40003,50438.57896
50027,2239,40003,102028.6493
50027,2240,40003,57687.578420000005
50027,2241,40003,41181.851
50027,2242,40003,82873.77907
50027,2243,40003,53489.87831
50027,2244,40003,68895.02028
50027,2245,40003,52344.49567
50027,2246,40003,86954.39562000001
50027,2248,40003,43270.010819999996
50027,2249,40003,39917.34857
50027,2250,40003,61589.00622
50027,2251,40003,85472.01595
50027,2252,40003,67327.11871
50027,2253,40003,87735.29205
50027,2254,40003,87443.09221
50027,2255,40003,90800.84505
50027,2256,40003,106690.6111
50027,2257,40003,78382.86101000001
50027,2258,40003,67687.53245
50027,2259,40003,80421.13304
50027,2260,40003,58982.62439
50027,2261,40003,51717.33505
50027,2262,40003,55101.55895
50027,2263,40003,66277.43916000001
50027,2264,40003,57404.541639999996
50027,2265,40003,52110.32856
50027,2266,40003,64305.34477999999
50027,2267,40003,82001.25202999999
50027,2268,40003,58042.90157
50027,2269,40003,74661.64008
50027,2270,40003,84319.50649
50027,2271,40003,73570.21768999999
50027,2272,40003,95582.94484
50027,2273,40003,79939.56328
50027,2274,40003,87888.00972999999
50027,2275,40003,72946.11141
50027,2276,40003,69531.34397
50027,2277,40003,68683.25176
50027,2278,40003,74754.2888
50027,2279,40003,67776.10871
50027,2280,40003,72166.2331
50027,2281,40003,69162.78529
50027,2282,40003,73371.68469
50027,2283,40003,90851.75095
50027,2284,40003,71539.07247
50027,2285,40003,90411.92401
50027,2286,40003,75932.25122
50027,2287,40003,75034.27123
50027,2288,40003,84748.13412999999
50027,2289,40003,56918.899410000005
50027,2290,40003,52454.452410000005
50027,2291,40003,63334.0603
50027,2292,40003,65247.103839999996
50027,2293,40003,76605.22715
50027,2331,40003,46983.0868
50027,2332,40003,44821.6225
50027,2333,40003,60507.76501
50027,2334,40003,82443.1152
50039,2000,40000,101074.0845
50039,2001,40000,41001.99723
50039,2002,40000,163035.9723
50039,2003,40000,241158.1579
50039,2004,40000,183817.5208
50039,2005,40000,194182.2216
50039,2006,40000,260735.115
50039,2007,40000,64758.0
50039,2008,40000,157828.5914
50039,2009,40000,188362.6371
50039,2010,40000,146364.6357
50039,2011,40000,114897.162
50039,2012,40000,178543.392
50039,2013,40000,165987.482
50039,2014,40000,219911.4598
50039,2015,40000,124957.3255
50039,2016,40000,154180.4003
50039,2017,40000,238524.7438
50039,2018,40000,220268.14399999997
50039,2019,40000,197280.7853
50039,2020,40000,181007.8504
50039,2021,40000,120724.0471
50039,2022,40000,68826.49446
50039,2023,40000,54231.64404
50039,2024,40000,199244.6343
50039,2025,40000,47229.369810000004
50039,2026,40000,56306.04432000001
50039,2027,40000,52988.46399
50039,2028,40000,58263.635729999995
50039,2029,40000,58559.829639999996
50039,2030,40000,62335.259000000005
50039,2031,40000,39280.10942
50039,2032,40000,160420.2881
50039,2033,40000,47816.54294
50039,2034,40000,83826.00416
50039,2035,40000,55425.80609
50039,2036,40000,56287.27147000001
50039,2037,40000,109803.4612
50039,2038,40000,214266.0457
50039,2039,40000,150501.964
50039,2040,40000,249157.4792
50039,2041,40000,179632.2175
50039,2042,40000,197740.7202
50039,2043,40000,260735.115
50039,2044,40000,88545.29086000001
50039,2045,40000,91130.72992
50039,2046,40000,71862.48199
50039,2047,40000,83677.9072
50039,2048,40000,94264.75346
50039,2049,40000,100483.7825
50039,2050,40000,107070.9681
50039,2051,40000,105843.4321
50039,2052,40000,109169.356
50039,2053,40000,90837.66482
50039,2054,40000,107119.9861
50039,2055,40000,98929.80747999999
50039,2056,40000,38431.15928
50039,2057,40000,35257.504160000004
50039,2058,40000,39305.13989
50039,2059,40000,39351.029089999996
50039,2060,40000,42696.7687
50039,2061,40000,41483.8338
50039,2062,40000,36454.79501
50039,2063,40000,35964.61496
50039,2064,40000,74078.72161000001
50039,2065,40000,66655.10111
50039,2066,40000,76147.9072
50039,2067,40000,124915.60800000001
50039,2068,40000,98780.66759
50039,2069,40000,71701.86981
50039,2070,40000,47912.49307
50039,2071,40000,46380.419669999996
50039,2072,40000,81100.81163
50039,2073,40000,76856.06094
50039,2074,40000,108332.9211
50039,2075,40000,41065.61634
50039,2076,40000,49467.511080000004
50039,2191,40000,121698.1496
50039,2193,40000,113639.3809
50039,2194,40000,67944.17036
50039,2201,40000,124162.60800000001
50039,2203,40000,60592.51247
50039,2204,40000,66406.88227
50039,2205,40000,64016.4723
50039,2206,40000,77791.57479
50039,2207,40000,79983.82687
50039,2208,40000,84756.30332
50039,2209,40000,74812.94875
50039,2210,40000,215844.0083
50039,2211,40000,144614.5886
50039,2212,40000,68667.96814
50039,2213,40000,61266.24931
50039,2214,40000,64068.61911
50039,2215,40000,39570.045710000006
50039,2216,40000,56675.24377000001
50039,2217,40000,57078.86011
50039,2218,40000,92288.3892
50039,2219,40000,78629.05262999999
50039,2220,40000,70297.03463
50039,2221,40000,46329.31579
50039,2222,40000,56978.738229999995
50039,2223,40000,68711.77147
50039,2224,40000,128827.662
50039,2225,40000,69198.82271000001
50039,2226,40000,108585.3116
50039,2227,40000,76861.27562
50039,2228,40000,47547.46537
50039,2229,40000,52658.89612
50039,2230,40000,56574.07895
50039,2231,40000,87142.54155
50039,2232,40000,64776.77285
50039,2233,40000,47115.68975
50039,2234,40000,66622.77008
50039,2235,40000,64080.09141
50039,2236,40000,82524.41967
50039,2237,40000,78663.46953
50039,2238,40000,63532.54986
50039,2239,40000,109842.0499
50039,2240,40000,56258.06925
50039,2241,40000,55630.22161
50039,2242,40000,91896.24515
50039,2243,40000,67686.5651
50039,2244,40000,85222.49584
50039,2245,40000,54124.22161
50039,2246,40000,88168.79086000001
50039,2248,40000,52033.13435
50039,2249,40000,46004.9626
50039,2250,40000,71461.99446
50039,2251,40000,83822.87535
50039,2252,40000,80121.49446
50039,2253,40000,101930.3352
50039,2254,40000,101874.0166
50039,2255,40000,107589.3075
50039,2256,40000,122092.3795
50039,2257,40000,87748.48753
50039,2258,40000,78890.82964
50039,2259,40000,86042.24377
50039,2260,40000,76024.84072000001
50039,2261,40000,56004.635729999995
50039,2262,40000,73188.05402000001
50039,2263,40000,83509.99446
50039,2264,40000,65046.89335
50039,2265,40000,62200.72022
50039,2266,40000,81486.69806
50039,2267,40000,98623.18421
50039,2268,40000,64904.01108
50039,2269,40000,86831.74654
50039,2270,40000,98446.92798
50039,2271,40000,74066.20637
50039,2272,40000,94661.06925
50039,2273,40000,88299.15789
50039,2274,40000,93365.74238
50039,2275,40000,86290.4626
50039,2276,40000,87047.63435
50039,2277,40000,78060.65235
50039,2278,40000,80362.41274
50039,2279,40000,75783.92244
50039,2280,40000,78015.80609
50039,2281,40000,79973.39751
50039,2282,40000,81614.97922000001
50039,2283,40000,101037.5817
50039,2284,40000,91691.82964
50039,2285,40000,103921.3006
50039,2286,40000,93920.58449
50039,2287,40000,84054.4072
50039,2288,40000,97471.78255
50039,2289,40000,69900.71884
50039,2290,40000,61083.73546
50039,2291,40000,81744.30332
50039,2292,40000,79037.88366
50039,2293,40000,82701.71884
50039,2331,40000,60090.86011
50039,2332,40000,53325.33241
50039,2333,40000,71461.99446
50039,2334,40000,107357.7756
50039,2000,40001,107739.4903
50039,2001,40001,40825.741
50039,2002,40001,191542.5499
50039,2003,40001,240599.14399999997
50039,2004,40001,227720.9668
50039,2005,40001,195159.4529
50039,2006,40001,260735.115
50039,2007,40001,65601.73546
50039,2008,40001,169425.0
50039,2009,40001,204901.5208
50039,2010,40001,157413.5028
50039,2011,40001,134278.0471
50039,2012,40001,204850.4169
50039,2013,40001,174083.7964
50039,2014,40001,220115.8753
50039,2015,40001,142100.0693
50039,2016,40001,160677.8934
50039,2017,40001,251010.777
50039,2018,40001,258864.0873
50039,2019,40001,221255.8047
50039,2020,40001,216986.0235
50039,2021,40001,143620.6704
50039,2022,40001,62662.740999999995
50039,2023,40001,53927.10665
50039,2024,40001,221812.7327
50039,2025,40001,41000.954289999994
50039,2026,40001,45628.4626
50039,2027,40001,48001.142660000005
50039,2028,40001,48814.63296
50039,2029,40001,58965.53186
50039,2030,40001,53918.76316
50039,2031,40001,35710.1385
50039,2032,40001,151225.7618
50039,2033,40001,38784.714680000005
50039,2034,40001,94299.17036
50039,2035,40001,40824.69806
50039,2036,40001,51711.90997
50039,2037,40001,131544.5111
50039,2038,40001,218161.4127
50039,2039,40001,190650.8393
50039,2040,40001,179178.5402
50039,2041,40001,195303.3781
50039,2042,40001,214943.9543
50039,2043,40001,260735.115
50039,2044,40001,74895.34072000001
50039,2045,40001,75632.69668
50039,2046,40001,67367.42659
50039,2047,40001,72985.72438
50039,2048,40001,90491.40997000001
50039,2049,40001,102434.0734
50039,2050,40001,109736.7133
50039,2051,40001,106612.0762
50039,2052,40001,114685.446
50039,2053,40001,81288.54017000001
50039,2054,40001,108771.9972
50039,2055,40001,100801.8781
50039,2056,40001,33960.09141
50039,2057,40001,31694.8338
50039,2058,40001,32134.952910000004
50039,2059,40001,31661.45983
50039,2060,40001,33290.52632
50039,2061,40001,35878.05125
50039,2062,40001,33100.711910000005
50039,2063,40001,30178.404430000002
50039,2064,40001,68795.20637
50039,2065,40001,58445.10665
50039,2066,40001,70010.22715
50039,2067,40001,126792.8934
50039,2068,40001,96583.20083
50039,2069,40001,61317.353189999994
50039,2070,40001,40405.43767
50039,2071,40001,40164.519389999994
50039,2072,40001,74784.78947
50039,2073,40001,70800.77285
50039,2074,40001,109018.1302
50039,2075,40001,36452.70914
50039,2076,40001,45667.05125
50039,2191,40001,126972.2784
50039,2193,40001,112304.4224
50039,2194,40001,67944.17036
50039,2201,40001,138046.1759
50039,2203,40001,58179.157889999995
50039,2204,40001,66664.48753
50039,2205,40001,57340.63712000001
50039,2206,40001,69186.30747999999
50039,2207,40001,74558.4723
50039,2208,40001,83786.37258
50039,2209,40001,65891.67175
50039,2210,40001,199697.2687
50039,2211,40001,164361.5443
50039,2212,40001,62727.40305
50039,2213,40001,55983.777010000005
50039,2214,40001,53881.21745
50039,2215,40001,34189.5374
50039,2216,40001,48132.55263
50039,2217,40001,48204.51524
50039,2218,40001,94032.17867000001
50039,2219,40001,76530.66482
50039,2220,40001,57837.07479
50039,2221,40001,37798.09695
50039,2222,40001,48982.545710000006
50039,2223,40001,63398.01108
50039,2224,40001,158308.3421
50039,2225,40001,65590.26316
50039,2226,40001,125882.41
50039,2227,40001,70784.08587000001
50039,2228,40001,40111.329639999996
50039,2229,40001,41863.4626
50039,2230,40001,52619.26454
50039,2231,40001,89785.34211
50039,2232,40001,58970.74654
50039,2233,40001,45171.65651
50039,2234,40001,61487.3518
50039,2235,40001,56643.95567999999
50039,2236,40001,78994.08033
50039,2237,40001,75457.48337999999
50039,2238,40001,60874.105260000004
50039,2239,40001,130513.0471
50039,2240,40001,52440.922439999995
50039,2241,40001,43111.857339999995
50039,2242,40001,92903.72161000001
50039,2243,40001,67883.68006
50039,2244,40001,77532.92659
50039,2245,40001,43740.74792
50039,2246,40001,98880.78947
50039,2248,40001,49632.29501
50039,2249,40001,42924.12881
50039,2250,40001,66182.65097
50039,2251,40001,94247.02355
50039,2252,40001,80205.9723
50039,2253,40001,108494.5762
50039,2254,40001,96865.83657
50039,2255,40001,102149.3518
50039,2256,40001,120337.1177
50039,2257,40001,89872.94875
50039,2258,40001,76928.02355
50039,2259,40001,84142.01385
50039,2260,40001,71637.20776
50039,2261,40001,47805.07064
50039,2262,40001,64567.142660000005
50039,2263,40001,72941.92105
50039,2264,40001,59625.71053
50039,2265,40001,55104.58172
50039,2266,40001,82537.97783999999
50039,2267,40001,107222.1939
50039,2268,40001,59577.73546
50039,2269,40001,84604.03463
50039,2270,40001,99997.77424
50039,2271,40001,70870.64958
50039,2272,40001,99447.10388
50039,2273,40001,87654.62327000001
50039,2274,40001,91723.11773
50039,2275,40001,88948.9072
50039,2276,40001,79478.00277
50039,2277,40001,65118.85596
50039,2278,40001,77356.67036
50039,2279,40001,69201.95152
50039,2280,40001,70491.02077999999
50039,2281,40001,73440.4446
50039,2282,40001,77823.90582
50039,2283,40001,98920.42105
50039,2284,40001,80214.31579
50039,2285,40001,104524.1177
50039,2286,40001,94415.97922000001
50039,2287,40001,79691.80471
50039,2288,40001,91206.86427
50039,2289,40001,58531.670360000004
50039,2290,40001,60723.922439999995
50039,2291,40001,77877.09557
50039,2292,40001,64868.55125
50039,2293,40001,77737.34211
50039,2331,40001,57673.3338
50039,2332,40001,49517.57202
50039,2333,40001,71188.74515
50039,2334,40001,109098.4363
50039,2000,40002,119270.1939
50039,2001,40002,40248.99723
50039,2002,40002,240175.7119
50039,2003,40002,232314.0582
50039,2004,40002,260735.115
50039,2005,40002,230532.723
50039,2006,40002,260735.115
50039,2007,40002,66744.79363
50039,2008,40002,257213.1191
50039,2009,40002,234399.9307
50039,2010,40002,199238.3767
50039,2011,40002,223579.4668
50039,2012,40002,237454.6911
50039,2013,40002,183824.8213
50039,2014,40002,260735.115
50039,2015,40002,167622.8061
50039,2016,40002,167780.2895
50039,2017,40002,260735.115
50039,2018,40002,260735.115
50039,2019,40002,260735.115
50039,2020,40002,260735.115
50039,2021,40002,189789.37399999998
50039,2022,40002,57796.400279999994
50039,2023,40002,53225.210530000004
50039,2024,40002,260735.115
50039,2025,40002,33640.95291
50039,2026,40002,41497.39197
50039,2027,40002,40138.445980000004
50039,2028,40002,37411.16759
50039,2029,40002,61011.77285
50039,2030,40002,48180.5277
50039,2031,40002,32036.9169
50039,2032,40002,101034.4529
50039,2033,40002,28932.095569999998
50039,2034,40002,120766.8075
50039,2035,40002,32141.21053
50039,2036,40002,44560.495839999996
50039,2037,40002,174039.9931
50039,2038,40002,239875.3463
50039,2039,40002,260735.115
50039,2040,40002,148317.0125
50039,2041,40002,222706.5291
50039,2042,40002,218396.0734
50039,2043,40002,260735.115
50039,2044,40002,54489.24931
50039,2045,40002,63710.891970000004
50039,2046,40002,65114.68421
50039,2047,40002,60792.75622999999
50039,2048,40002,88385.72161000001
50039,2049,40002,107569.4917
50039,2050,40002,114722.9917
50039,2051,40002,107329.6163
50039,2052,40002,118424.3726
50039,2053,40002,72462.17036
50039,2054,40002,113252.4515
50039,2055,40002,104422.9529
50039,2056,40002,29597.48892
50039,2057,40002,28451.301939999998
50039,2058,40002,22736.01108
50039,2059,40002,27114.25762
50039,2060,40002,26974.504160000004
50039,2061,40002,31623.91413
50039,2062,40002,29349.270080000002
50039,2063,40002,25230.71468
50039,2064,40002,61007.60111
50039,2065,40002,51407.37258
50039,2066,40002,63624.32825
50039,2067,40002,128959.07199999999
50039,2068,40002,90542.51385
50039,2069,40002,50157.9349
50039,2070,40002,34563.95152
50039,2071,40002,33068.38089
50039,2072,40002,65465.1108
50039,2073,40002,56163.16205
50039,2074,40002,112517.1814
50039,2075,40002,32066.119110000003
50039,2076,40002,42249.34903
50039,2191,40002,133802.4681
50039,2193,40002,109653.2784
50039,2201,40002,153116.6053
50039,2203,40002,56448.926589999995
50039,2204,40002,68117.29778
50039,2205,40002,50368.60803
50039,2206,40002,54428.759000000005
50039,2207,40002,55374.70222000001
50039,2208,40002,81849.63988999999
50039,2209,40002,49214.077560000005
50039,2210,40002,198846.2327
50039,2211,40002,192538.55399999997
50039,2212,40002,48343.22576
50039,2213,40002,50894.24792
50039,2214,40002,44713.80748
50039,2215,40002,28899.764539999996
50039,2216,40002,37940.97922
50039,2217,40002,40138.445980000004
50039,2218,40002,97996.3795
50039,2219,40002,71212.73269
50039,2220,40002,47636.11496
50039,2221,40002,30475.64127
50039,2222,40002,42418.304710000004
50039,2223,40002,58716.270079999995
50039,2224,40002,185900.2645
50039,2225,40002,59332.64543
50039,2226,40002,147666.2202
50039,2227,40002,67078.53324
50039,2228,40002,35508.8518
50039,2229,40002,34157.20637
50039,2230,40002,45130.98199
50039,2231,40002,97775.27701
50039,2232,40002,52415.89197
50039,2233,40002,40657.82825
50039,2234,40002,47153.23546
50039,2235,40002,50153.76316
50039,2236,40002,75147.7313
50039,2237,40002,70910.28116
50039,2238,40002,58504.55402
50039,2239,40002,153833.1025
50039,2240,40002,47682.004160000004
50039,2241,40002,34115.488919999996
50039,2242,40002,93945.61496
50039,2243,40002,68228.89197000001
50039,2244,40002,66306.76039
50039,2245,40002,36685.28393
50039,2246,40002,113512.1427
50039,2248,40002,46781.95014
50039,2249,40002,39556.48753
50039,2250,40002,61990.04709
50039,2251,40002,110811.9806
50039,2252,40002,81218.66343
50039,2253,40002,115483.2922
50039,2254,40002,91227.72299
50039,2255,40002,96412.15927999999
50039,2256,40002,102555.054
50039,2257,40002,92551.20913999999
50039,2258,40002,74574.11634
50039,2259,40002,63564.88089
50039,2260,40002,67015.95706
50039,2261,40002,42569.53047
50039,2262,40002,50435.35596
50039,2263,40002,58870.62465
50039,2264,40002,52357.48753
50039,2265,40002,47000.96676
50039,2266,40002,85376.85042
50039,2267,40002,120364.2341
50039,2268,40002,53340.97645
50039,2269,40002,81877.79917
50039,2270,40002,101472.4861
50039,2271,40002,64804.932129999994
50039,2272,40002,110863.0845
50039,2273,40002,85937.95014
50039,2274,40002,89490.19114
50039,2275,40002,94195.91967
50039,2276,40002,73966.08449
50039,2277,40002,54368.2687
50039,2278,40002,69150.84765
50039,2279,40002,61885.75346
50039,2280,40002,60529.93629
50039,2281,40002,63941.38089
50039,2282,40002,70805.98753
50039,2283,40002,88860.25762
50039,2284,40002,67250.61773
50039,2285,40002,105036.1994
50039,2286,40002,95435.97091
50039,2287,40002,75448.09695
50039,2288,40002,72065.85457000001
50039,2289,40002,50867.13158
50039,2290,40002,60451.71607
50039,2291,40002,75267.66898
50039,2292,40002,48673.83657
50039,2293,40002,66462.15789
50039,2331,40002,53980.2964
50039,2332,40002,42039.718839999994
50039,2333,40002,70738.19668
50039,2334,40002,120289.1427
50039,2000,40003,88880.07341
50039,2001,40003,36971.04848
50039,2002,40003,108925.3089
50039,2003,40003,146480.4017
50039,2004,40003,160834.3338
50039,2005,40003,152157.1039
50039,2006,40003,253062.2327
50039,2007,40003,63119.54709
50039,2008,40003,120025.2798
50039,2009,40003,128498.0942
50039,2010,40003,109050.4612
50039,2011,40003,110609.651
50039,2012,40003,133467.6856
50039,2013,40003,113940.7895
50039,2014,40003,123555.6191
50039,2015,40003,112492.151
50039,2016,40003,103316.3975
50039,2017,40003,129159.3158
50039,2018,40003,138927.4571
50039,2019,40003,129272.9958
50039,2020,40003,131521.5665
50039,2021,40003,85887.8892
50039,2022,40003,56682.54432000001
50039,2023,40003,47491.146810000006
50039,2024,40003,124321.1343
50039,2025,40003,35475.47784
50039,2026,40003,37668.77285
50039,2027,40003,45930.914130000005
50039,2028,40003,43688.60111
50039,2029,40003,55321.51247
50039,2030,40003,53094.84349
50039,2031,40003,29131.2964
50039,2032,40003,97730.43075
50039,2033,40003,41695.54986
50039,2034,40003,88682.95845
50039,2035,40003,35665.292239999995
50039,2036,40003,49215.1205
50039,2037,40003,96599.88781
50039,2038,40003,129659.9252
50039,2039,40003,142991.7798
50039,2040,40003,135158.2853
50039,2041,40003,116743.1593
50039,2042,40003,168349.7327
50039,2043,40003,260735.115
50039,2044,40003,58214.61773
50039,2045,40003,63585.739610000004
50039,2046,40003,62469.79777999999
50039,2047,40003,56909.904429999995
50039,2048,40003,79309.04709
50039,2049,40003,83460.97645
50039,2050,40003,84849.12465
50039,2051,40003,95901.1205
50039,2052,40003,104651.356
50039,2053,40003,72836.58449
50039,2054,40003,94695.48615
50039,2055,40003,84431.95014
50039,2056,40003,28137.378119999998
50039,2057,40003,28374.12465
50039,2058,40003,26583.40305
50039,2059,40003,27871.429360000002
50039,2060,40003,28196.82548
50039,2061,40003,33508.5
50039,2062,40003,26868.12465
50039,2063,40003,27062.1108
50039,2064,40003,58244.86287999999
50039,2065,40003,52107.18283
50039,2066,40003,61409.131579999994
50039,2067,40003,91625.08172
50039,2068,40003,77259.67728999999
50039,2069,40003,52048.77839
50039,2070,40003,36900.12881
50039,2071,40003,36917.85873
50039,2072,40003,63712.97784
50039,2073,40003,59090.68421
50039,2074,40003,84406.91967
50039,2075,40003,31906.549860000003
50039,2076,40003,40595.25208
50039,2191,40003,109393.5873
50039,2193,40003,97321.59972
50039,2194,40003,54025.142660000005
50039,2201,40003,123543.1039
50039,2203,40003,56188.192520000004
50039,2204,40003,60350.55125
50039,2205,40003,63030.89751
50039,2206,40003,68029.69114
50039,2207,40003,65832.22438
50039,2208,40003,70971.8144
50039,2209,40003,63332.30609
50039,2210,40003,143353.6787
50039,2211,40003,121445.759
50039,2212,40003,50206.95291
50039,2213,40003,49373.646810000006
50039,2214,40003,53788.396120000005
50039,2215,40003,35587.07202
50039,2216,40003,37346.50554
50039,2217,40003,41287.76177
50039,2218,40003,72565.42105
50039,2219,40003,64872.722989999995
50039,2220,40003,68951.64681
50039,2221,40003,26779.47507
50039,2222,40003,42347.38504
50039,2223,40003,55433.10665
50039,2224,40003,121911.9515
50039,2225,40003,58430.50554
50039,2226,40003,103339.3421
50039,2227,40003,66906.44875
50039,2228,40003,39282.195289999996
50039,2229,40003,44386.32548
50039,2230,40003,49195.304710000004
50039,2231,40003,81648.35319
50039,2232,40003,48298.3795
50039,2233,40003,32988.07479
50039,2234,40003,54155.5097
50039,2235,40003,50577.195289999996
50039,2236,40003,66431.91274
50039,2237,40003,61832.56371
50039,2238,40003,47988.62742
50039,2239,40003,97592.76316
50039,2240,40003,56222.60942000001
50039,2241,40003,37555.0928
50039,2242,40003,82903.00554
50039,2243,40003,51784.91551
50039,2244,40003,66435.04155
50039,2245,40003,53470.30055
50039,2246,40003,82405.52493
50039,2248,40003,46423.18006
50039,2249,40003,40017.46537
50039,2250,40003,62275.81163
50039,2251,40003,84533.11496
50039,2252,40003,68762.87535
50039,2253,40003,88103.08587000001
50039,2254,40003,85541.63435
50039,2255,40003,84298.45429
50039,2256,40003,101982.48199999999
50039,2257,40003,74079.76454
50039,2258,40003,66179.52216000001
50039,2259,40003,69996.66898
50039,2260,40003,61453.97784
50039,2261,40003,49917.01662
50039,2262,40003,55719.91413
50039,2263,40003,62472.926589999995
50039,2264,40003,56279.970910000004
50039,2265,40003,51206.085869999995
50039,2266,40003,59304.48615
50039,2267,40003,79750.20913999999
50039,2268,40003,57350.02355
50039,2269,40003,71399.41828
50039,2270,40003,82989.56925
50039,2271,40003,67249.57479
50039,2272,40003,90976.37535
50039,2273,40003,78540.40305
50039,2274,40003,87042.41967
50039,2275,40003,75750.54848
50039,2276,40003,68813.97922000001
50039,2277,40003,63916.35042
50039,2278,40003,72994.06787
50039,2279,40003,69879.86011000001
50039,2280,40003,68532.38643
50039,2281,40003,69063.241
50039,2282,40003,72017.8795
50039,2283,40003,90731.28532000001
50039,2284,40003,69308.33102
50039,2285,40003,86955.85596
50039,2286,40003,76002.93906
50039,2287,40003,74739.94321
50039,2288,40003,83918.82548
50039,2289,40003,55249.54986
50039,2290,40003,50890.076180000004
50039,2291,40003,63308.31856
50039,2292,40003,62091.211910000005
50039,2293,40003,72232.72438
50039,2331,40003,44255.95845
50039,2332,40003,47783.16898
50039,2333,40003,59909.3892
50039,2334,40003,80876.58033
